kind,x,intensity_flop_per_byte,gflop_per_s,gb_per_s,step_ms
read,1,,,42.61,
copy,1,,,48.42,
read,2,,,52.39,
copy,2,,,55.63,
read,3,,,55.65,
copy,3,,,57.91,
read,4,,,59.82,
copy,4,,,57.01,
read_one_sum,1,,,4.25,
fma_peak,4,,373.73,,
kernel_cached,1,,82.11,,
kernel_cached,2,,82.36,,
kernel_cached,4,,160.50,,
kernel_cached,8,,124.92,,
kernel_cached,16,,114.03,,
kernel_cached,32,,114.15,,
kernel_cached,64,,114.86,,
kernel_cached,128,,115.16,,
kernel_cached,256,,115.19,,
sweep,1,0.500,24.20,48.40,5.546
sweep,2,1.000,59.92,59.92,4.480
sweep,4,2.000,118.82,59.41,4.518
sweep,8,4.000,123.99,31.00,8.660
sweep,16,8.000,109.58,13.70,19.597
sweep,32,16.000,114.49,7.16,37.515
sweep,64,32.000,114.78,3.59,74.836
sweep,128,64.000,113.49,1.77,151.380
sweep,256,128.000,108.21,0.85,317.526
