position,cached_ms,recompute_ms
32,11.6312,10.6180
33,0.4370,10.6657
34,0.4458,10.6216
35,0.4461,10.9272
36,0.4477,11.3197
37,0.4463,11.7375
38,0.7255,12.0419
39,0.8263,12.3195
40,0.8275,12.6289
41,0.8367,12.9710
42,0.8346,13.2959
43,0.7875,13.6807
44,0.7190,13.9920
45,0.7250,14.3181
46,0.7222,14.6328
47,0.7076,14.9875
48,0.7144,15.2752
49,0.7168,15.5917
50,0.7221,15.9075
51,0.7288,16.2479
52,0.7247,16.5692
53,0.6988,16.8820
54,0.4936,17.5310
55,0.4988,17.5509
56,0.6330,17.8716
57,0.7313,18.2008
58,0.7338,18.5094
59,0.6827,18.8760
60,0.6443,19.1880
61,0.6275,19.5084
62,0.6407,19.8578
63,0.6430,20.1820
64,0.6496,20.9155
65,0.6505,20.9570
66,0.6512,21.3486
67,0.6555,21.6262
68,0.6513,21.8863
69,0.6535,22.1673
70,0.6587,22.5035
71,0.6505,23.8892
72,0.6390,23.6714
73,0.5736,23.6073
74,0.5795,24.1377
75,0.5744,24.3032
76,0.5750,24.5976
77,0.5826,24.9088
78,0.5912,25.2560
79,0.5808,25.6095
80,0.5867,25.9244
81,0.5907,26.3449
82,0.5961,26.6796
83,0.5955,27.0157
84,0.5949,27.3635
85,0.5852,27.7667
86,0.5870,28.1088
87,0.5960,28.5610
88,0.5868,30.0116
89,0.5867,30.5830
90,0.5864,29.5184
91,0.5261,29.5931
92,0.5282,30.1378
93,0.5275,30.4890
94,0.5310,30.8352
95,0.5275,31.1920
96,0.5300,31.8820
97,0.5336,31.9625
98,0.5306,32.2412
99,0.5320,32.5682
100,0.5316,32.9900
101,0.5343,33.3178
102,0.5346,33.6265
103,0.5365,34.8121
104,0.5427,35.3486
105,0.5391,35.3835
106,0.5420,35.6643
107,0.5229,35.5689
108,0.4948,35.7965
109,0.4990,37.0600
110,0.5011,36.5562
111,0.4983,36.7271
112,0.5023,37.2356
113,0.5002,37.6206
114,0.5027,40.4440
115,0.5017,38.6893
116,0.5040,38.7076
117,0.5048,42.3709
118,0.5044,42.1830
119,0.5055,41.4614
120,0.4844,42.3288
121,0.4683,42.2135
122,0.4684,41.9713
123,0.4693,41.5966
124,0.4676,41.8320
125,0.4688,43.0583
126,0.4724,42.9902
127,0.4645,42.9369
128,0.4682,43.3952
129,0.4708,43.8404
130,0.4716,44.2476
131,0.4741,44.6008
132,0.4745,45.3083
133,0.4744,45.4822
134,0.4685,45.6683
135,0.4723,45.9512
136,0.4743,46.2993
137,0.4744,46.7006
138,0.4747,47.0488
139,0.4495,47.5385
140,0.4507,47.6863
141,0.4512,48.0138
142,0.4544,48.3017
143,0.4446,48.5893
144,0.4555,48.9317
145,0.4554,49.2559
146,0.4533,49.6263
147,0.4550,49.9343
148,0.4558,50.2168
149,0.4604,50.7138
150,0.4535,51.7054
151,0.4575,51.9859
152,0.4578,51.6699
153,0.4617,52.2820
154,0.4591,53.1052
155,0.4466,52.9021
156,0.4573,53.2883
157,0.4578,53.6621
158,0.4638,53.8129
159,0.4224,54.5840
